indeks,nim,nama,prodi,ipk
1,23110001,Ahmad 1,Teknik Informatika,2.87
2,23110002,Budi 2,Sistem Informasi,3.04
3,23110003,Citra 3,Teknik Industri,3.21
4,23110004,Dewi 4,Teknik Informatika,3.38
5,23110005,Eka 5,Sistem Informasi,3.55
6,23110006,Fajar 6,Teknik Industri,3.72
7,23110007,Gita 7,Teknik Informatika,3.89
8,23110008,Hendra 8,Sistem Informasi,2.75
9,23110009,Intan 9,Teknik Industri,2.92
10,23110010,Joko 10,Teknik Informatika,3.09
11,23110011,Kiki 11,Sistem Informasi,3.26
12,23110012,Lina 12,Teknik Industri,3.43
13,23110013,Maya 13,Teknik Informatika,3.60
14,23110014,Nanda 14,Sistem Informasi,3.77
15,23110015,Oki 15,Teknik Industri,3.94
16,23110016,Putri 16,Teknik Informatika,2.80
17,23110017,Raka 17,Sistem Informasi,2.97
18,23110018,Salsa 18,Teknik Industri,3.14
19,23110019,Taufik 19,Teknik Informatika,3.31
20,23110020,Vina 20,Sistem Informasi,3.48
21,23110021,Ahmad 21,Teknik Industri,3.65
22,23110022,Budi 22,Teknik Informatika,3.82
23,23110023,Citra 23,Sistem Informasi,3.99
24,23110024,Dewi 24,Teknik Industri,2.85
25,23110025,Eka 25,Teknik Informatika,3.02
26,23110026,Fajar 26,Sistem Informasi,3.19
27,23110027,Gita 27,Teknik Industri,3.36
28,23110028,Hendra 28,Teknik Informatika,3.53
29,23110029,Intan 29,Sistem Informasi,3.70
30,23110030,Joko 30,Teknik Industri,3.87
31,23110031,Kiki 31,Teknik Informatika,2.73
32,23110032,Lina 32,Sistem Informasi,2.90
33,23110033,Maya 33,Teknik Industri,3.07
34,23110034,Nanda 34,Teknik Informatika,3.24
35,23110035,Oki 35,Sistem Informasi,3.41
36,23110036,Putri 36,Teknik Industri,3.58
37,23110037,Raka 37,Teknik Informatika,3.75
38,23110038,Salsa 38,Sistem Informasi,3.92
39,23110039,Taufik 39,Teknik Industri,2.78
40,23110040,Vina 40,Teknik Informatika,2.95
41,23110041,Ahmad 41,Sistem Informasi,3.12
42,23110042,Budi 42,Teknik Industri,3.29
43,23110043,Citra 43,Teknik Informatika,3.46
44,23110044,Dewi 44,Sistem Informasi,3.63
45,23110045,Eka 45,Teknik Industri,3.80
46,23110046,Fajar 46,Teknik Informatika,3.97
47,23110047,Gita 47,Sistem Informasi,2.83
48,23110048,Hendra 48,Teknik Industri,3.00
49,23110049,Intan 49,Teknik Informatika,3.17
50,23110050,Joko 50,Sistem Informasi,3.34
51,23110051,Kiki 51,Teknik Industri,3.51
52,23110052,Lina 52,Teknik Informatika,3.68
53,23110053,Maya 53,Sistem Informasi,3.85
54,23110054,Nanda 54,Teknik Industri,2.71
55,23110055,Oki 55,Teknik Informatika,2.88
56,23110056,Putri 56,Sistem Informasi,3.05
57,23110057,Raka 57,Teknik Industri,3.22
58,23110058,Salsa 58,Teknik Informatika,3.39
59,23110059,Taufik 59,Sistem Informasi,3.56
60,23110060,Vina 60,Teknik Industri,3.73
61,23110061,Ahmad 61,Teknik Informatika,3.90
62,23110062,Budi 62,Sistem Informasi,2.76
63,23110063,Citra 63,Teknik Industri,2.93
64,23110064,Dewi 64,Teknik Informatika,3.10
65,23110065,Eka 65,Sistem Informasi,3.27
66,23110066,Fajar 66,Teknik Industri,3.44
67,23110067,Gita 67,Teknik Informatika,3.61
68,23110068,Hendra 68,Sistem Informasi,3.78
69,23110069,Intan 69,Teknik Industri,3.95
70,23110070,Joko 70,Teknik Informatika,2.81
71,23110071,Kiki 71,Sistem Informasi,2.98
72,23110072,Lina 72,Teknik Industri,3.15
73,23110073,Maya 73,Teknik Informatika,3.32
74,23110074,Nanda 74,Sistem Informasi,3.49
75,23110075,Oki 75,Teknik Industri,3.66
76,23110076,Putri 76,Teknik Informatika,3.83
77,23110077,Raka 77,Sistem Informasi,4.00
78,23110078,Salsa 78,Teknik Industri,2.86
79,23110079,Taufik 79,Teknik Informatika,3.03
80,23110080,Vina 80,Sistem Informasi,3.20
81,23110081,Ahmad 81,Teknik Industri,3.37
82,23110082,Budi 82,Teknik Informatika,3.54
83,23110083,Citra 83,Sistem Informasi,3.71
84,23110084,Dewi 84,Teknik Industri,3.88
85,23110085,Eka 85,Teknik Informatika,2.74
86,23110086,Fajar 86,Sistem Informasi,2.91
87,23110087,Gita 87,Teknik Industri,3.08
88,23110088,Hendra 88,Teknik Informatika,3.25
89,23110089,Intan 89,Sistem Informasi,3.42
90,23110090,Joko 90,Teknik Industri,3.59
91,23110091,Kiki 91,Teknik Informatika,3.76
92,23110092,Lina 92,Sistem Informasi,3.93
93,23110093,Maya 93,Teknik Industri,2.79
94,23110094,Nanda 94,Teknik Informatika,2.96
95,23110095,Oki 95,Sistem Informasi,3.13
96,23110096,Putri 96,Teknik Industri,3.30
97,23110097,Raka 97,Teknik Informatika,3.47
98,23110098,Salsa 98,Sistem Informasi,3.64
99,23110099,Taufik 99,Teknik Industri,3.81
100,23110100,Vina 100,Teknik Informatika,3.98
101,23110101,Ahmad 101,Sistem Informasi,2.84
102,23110102,Budi 102,Teknik Industri,3.01
103,23110103,Citra 103,Teknik Informatika,3.18
104,23110104,Dewi 104,Sistem Informasi,3.35
105,23110105,Eka 105,Teknik Industri,3.52
106,23110106,Fajar 106,Teknik Informatika,3.69
107,23110107,Gita 107,Sistem Informasi,3.86
108,23110108,Hendra 108,Teknik Industri,2.72
109,23110109,Intan 109,Teknik Informatika,2.89
110,23110110,Joko 110,Sistem Informasi,3.06
111,23110111,Kiki 111,Teknik Industri,3.23
112,23110112,Lina 112,Teknik Informatika,3.40
113,23110113,Maya 113,Sistem Informasi,3.57
114,23110114,Nanda 114,Teknik Industri,3.74
115,23110115,Oki 115,Teknik Informatika,3.91
116,23110116,Putri 116,Sistem Informasi,2.77
117,23110117,Raka 117,Teknik Industri,2.94
118,23110118,Salsa 118,Teknik Informatika,3.11
119,23110119,Taufik 119,Sistem Informasi,3.28
120,23110120,Vina 120,Teknik Industri,3.45
121,23110121,Ahmad 121,Teknik Informatika,3.62
122,23110122,Budi 122,Sistem Informasi,3.79
123,23110123,Citra 123,Teknik Industri,3.96
124,23110124,Dewi 124,Teknik Informatika,2.82
125,23110125,Eka 125,Sistem Informasi,2.99
126,23110126,Fajar 126,Teknik Industri,3.16
127,23110127,Gita 127,Teknik Informatika,3.33
128,23110128,Hendra 128,Sistem Informasi,3.50
129,23110129,Intan 129,Teknik Industri,3.67
130,23110130,Joko 130,Teknik Informatika,3.84
131,23110131,Kiki 131,Sistem Informasi,2.70
132,23110132,Lina 132,Teknik Industri,2.87
133,23110133,Maya 133,Teknik Informatika,3.04
134,23110134,Nanda 134,Sistem Informasi,3.21
135,23110135,Oki 135,Teknik Industri,3.38
136,23110136,Putri 136,Teknik Informatika,3.55
137,23110137,Raka 137,Sistem Informasi,3.72
138,23110138,Salsa 138,Teknik Industri,3.89
139,23110139,Taufik 139,Teknik Informatika,2.75
140,23110140,Vina 140,Sistem Informasi,2.92
141,23110141,Ahmad 141,Teknik Industri,3.09
142,23110142,Budi 142,Teknik Informatika,3.26
143,23110143,Citra 143,Sistem Informasi,3.43
144,23110144,Dewi 144,Teknik Industri,3.60
145,23110145,Eka 145,Teknik Informatika,3.77
146,23110146,Fajar 146,Sistem Informasi,3.94
147,23110147,Gita 147,Teknik Industri,2.80
148,23110148,Hendra 148,Teknik Informatika,2.97
149,23110149,Intan 149,Sistem Informasi,3.14
150,23110150,Joko 150,Teknik Industri,3.31
151,23110151,Kiki 151,Teknik Informatika,3.48
152,23110152,Lina 152,Sistem Informasi,3.65
153,23110153,Maya 153,Teknik Industri,3.82
154,23110154,Nanda 154,Teknik Informatika,3.99
155,23110155,Oki 155,Sistem Informasi,2.85
156,23110156,Putri 156,Teknik Industri,3.02
157,23110157,Raka 157,Teknik Informatika,3.19
158,23110158,Salsa 158,Sistem Informasi,3.36
159,23110159,Taufik 159,Teknik Industri,3.53
160,23110160,Vina 160,Teknik Informatika,3.70
161,23110161,Ahmad 161,Sistem Informasi,3.87
162,23110162,Budi 162,Teknik Industri,2.73
163,23110163,Citra 163,Teknik Informatika,2.90
164,23110164,Dewi 164,Sistem Informasi,3.07
165,23110165,Eka 165,Teknik Industri,3.24
166,23110166,Fajar 166,Teknik Informatika,3.41
167,23110167,Gita 167,Sistem Informasi,3.58
168,23110168,Hendra 168,Teknik Industri,3.75
169,23110169,Intan 169,Teknik Informatika,3.92
170,23110170,Joko 170,Sistem Informasi,2.78
171,23110171,Kiki 171,Teknik Industri,2.95
172,23110172,Lina 172,Teknik Informatika,3.12
173,23110173,Maya 173,Sistem Informasi,3.29
174,23110174,Nanda 174,Teknik Industri,3.46
175,23110175,Oki 175,Teknik Informatika,3.63
176,23110176,Putri 176,Sistem Informasi,3.80
177,23110177,Raka 177,Teknik Industri,3.97
178,23110178,Salsa 178,Teknik Informatika,2.83
179,23110179,Taufik 179,Sistem Informasi,3.00
180,23110180,Vina 180,Teknik Industri,3.17
181,23110181,Ahmad 181,Teknik Informatika,3.34
182,23110182,Budi 182,Sistem Informasi,3.51
183,23110183,Citra 183,Teknik Industri,3.68
184,23110184,Dewi 184,Teknik Informatika,3.85
185,23110185,Eka 185,Sistem Informasi,2.71
186,23110186,Fajar 186,Teknik Industri,2.88
187,23110187,Gita 187,Teknik Informatika,3.05
188,23110188,Hendra 188,Sistem Informasi,3.22
189,23110189,Intan 189,Teknik Industri,3.39
190,23110190,Joko 190,Teknik Informatika,3.56
191,23110191,Kiki 191,Sistem Informasi,3.73
192,23110192,Lina 192,Teknik Industri,3.90
193,23110193,Maya 193,Teknik Informatika,2.76
194,23110194,Nanda 194,Sistem Informasi,2.93
195,23110195,Oki 195,Teknik Industri,3.10
196,23110196,Putri 196,Teknik Informatika,3.27
197,23110197,Raka 197,Sistem Informasi,3.44
198,23110198,Salsa 198,Teknik Industri,3.61
199,23110199,Taufik 199,Teknik Informatika,3.78
200,23110200,Vina 200,Sistem Informasi,3.95
